{
	"carName": "bmw_m6_gt3",
	"basicSetup":
	{
		"tyres":
		{
			"tyreCompound": 0,
			"tyrePressure": [ 60, 51, 45, 41 ]
		},
		"alignment":
		{
			"camber": [ 7, 7, 0, 0 ],
			"toe": [ 12, 12, 8, 8 ],
			"staticCamber": [ -3.7921617031097412, -3.7980539798736572, -3.4963157176971436, -3.4995121955871582 ],
			"toeOutLinear": [ 0.00017875514458864927, 0.00017914993804879487, 0.0001736371050355956, 0.00017398571071680635 ],
			"casterLF": 8,
			"casterRF": 8,
			"steerRatio": 5
		},
		"electronics":
		{
			"tC1": 2,
			"tC2": 0,
			"abs": 3,
			"eCUMap": 0,
			"fuelMix": 0,
			"telemetryLaps": 0
		},
		"strategy":
		{
			"fuel": 42,
			"nPitStops": 0,
			"tyreSet": 1,
			"frontBrakePadCompound": 1,
			"rearBrakePadCompound": 1,
			"pitStrategy": [
				{
					"fuelToAdd": 0,
					"tyres":
					{
						"tyreCompound": 0,
						"tyrePressure": [ 53, 61, 50, 56 ]
					},
					"tyreSet": 2,
					"frontBrakePadCompound": 1,
					"rearBrakePadCompound": 1
				}
			],
			"fuelPerLap": 3.1678440570831299
		}
	},
	"advancedSetup":
	{
		"mechanicalBalance":
		{
			"aRBFront": 4,
			"aRBRear": 2,
			"wheelRate": [ 4, 4, 2, 2 ],
			"bumpStopRateUp": [ 7, 7, 5, 5 ],
			"bumpStopRateDn": [ 0, 0, 10, 10 ],
			"bumpStopWindow": [ 1, 1, 20, 20 ],
			"brakeTorque": 20,
			"brakeBias": 38
		},
		"dampers":
		{
			"bumpSlow": [ 20, 20, 15, 15 ],
			"bumpFast": [ 20, 20, 15, 15 ],
			"reboundSlow": [ 26, 26, 20, 20 ],
			"reboundFast": [ 25, 25, 18, 18 ]
		},
		"aeroBalance":
		{
			"rideHeight": [ 1, 11, 4, 18 ],
			"rodLength": [ 18.076194763183594, 18.076194763183594, 27.428871154785156, 27.428871154785156 ],
			"splitter": 0,
			"rearWing": 0,
			"brakeDuct": [ 2, 1 ]
		},
		"drivetrain":
		{
			"preload": 10
		}
	}
}