{
	"carName": "bmw_m6_gt3",
	"basicSetup":
	{
		"tyres":
		{
			"tyreCompound": 0,
			"tyrePressure": [ 47, 50, 47, 48 ]
		},
		"alignment":
		{
			"camber": [ 6, 6, 5, 5 ],
			"toe": [ 10, 10, 15, 15 ],
			"staticCamber": [ -3.9311983585357666, -3.93711256980896, -2.9787766933441162, -2.981177806854248 ],
			"toeOutLinear": [ 0.00025529705453664064, 0.00025564691168256104, 0.00033945645554922521, 0.00033979761064983904 ],
			"casterLF": 13,
			"casterRF": 13,
			"steerRatio": 5
		},
		"electronics":
		{
			"tC1": 2,
			"tC2": 0,
			"abs": 2,
			"eCUMap": 0,
			"fuelMix": 0,
			"telemetryLaps": 0
		},
		"strategy":
		{
			"fuel": 17,
			"nPitStops": 0,
			"tyreSet": 0,
			"frontBrakePadCompound": 1,
			"rearBrakePadCompound": 1,
			"pitStrategy": [
				{
					"fuelToAdd": 0,
					"tyres":
					{
						"tyreCompound": 0,
						"tyrePressure": [ 47, 50, 47, 48 ]
					},
					"tyreSet": 2,
					"frontBrakePadCompound": 1,
					"rearBrakePadCompound": 1
				}
			],
			"fuelPerLap": 4.0799999237060547
		}
	},
	"advancedSetup":
	{
		"mechanicalBalance":
		{
			"aRBFront": 4,
			"aRBRear": 1,
			"wheelRate": [ 4, 4, 4, 4 ],
			"bumpStopRateUp": [ 7, 7, 2, 2 ],
			"bumpStopRateDn": [ 0, 0, 10, 10 ],
			"bumpStopWindow": [ 0, 0, 45, 45 ],
			"brakeTorque": 20,
			"brakeBias": 39
		},
		"dampers":
		{
			"bumpSlow": [ 20, 20, 20, 20 ],
			"bumpFast": [ 20, 20, 15, 15 ],
			"reboundSlow": [ 26, 26, 20, 20 ],
			"reboundFast": [ 25, 25, 18, 18 ]
		},
		"aeroBalance":
		{
			"rideHeight": [ 4, 11, 8, 18 ],
			"rodLength": [ 20.567489624023438, 20.567489624023438, 25.770776748657227, 25.770776748657227 ],
			"splitter": 0,
			"rearWing": 3,
			"brakeDuct": [ 2, 2 ]
		},
		"drivetrain":
		{
			"preload": 12
		}
	}
}